		A	R	N	D	C	E	Q	G	H	I	L	K	M	F	P	S	T	W	Y	V
H	-8	0.11289994920789671	0.0360889193898648	-0.01191138081502027	0.060696151220070216	-0.18735237812378472	0.1506612581100346	0.10164885960649557	-0.11105667223906363	0.03250654482222337	-0.024613533085091576	0.07397814507222072	0.02311269405992975	0.133951035818209	-0.012983579469040394	0.012994552245216123	0.05708141662116275	0.015266696471611078	-0.1098634149670185	-0.06119986116853499	-0.08384850505660704
H	-7	0.1440210321038426	0.04160316564398633	-0.01615654693904286	0.06688557213710643	-0.18993807225458315	0.17910678851240638	0.11801326210056112	-0.14318639871833372	0.004710472470616195	-0.031350696589850284	0.08007120664585372	0.018836903647015027	0.13869701603508805	-0.016453158359902405	-0.03396452201382616	0.05645044469661445	0.011951639377893382	-0.11436372191951114	-0.07196183666165645	-0.0903737781232103
H	-6	0.1760820800414914	0.03768358381757107	-0.035302316670500544	0.06945936985615568	-0.17730784280206127	0.1965758744834328	0.13975453565931423	-0.1905972416215686	-0.01046756972153486	-0.01588430400269388	0.10515734546979087	0.01574677552371813	0.15084390954743063	-0.016596175377222366	-0.08246851180034627	0.04130650492413811	0.006237517511548623	-0.11130008011458398	-0.098841960266326	-0.099925898768622
H	-5	0.20993545269418162	0.05636070414270896	-0.05031379555891436	0.0636943290948607	-0.1923968477358394	0.22708349911968762	0.164464561135367	-0.2444450404023089	-0.03529693578216162	-0.005744657559247586	0.1304872008724328	0.026912142049389284	0.16225370328154362	-0.037467493014380855	-0.14307428120385982	0.020288128096416145	-0.013541187513474478	-0.11888473629692602	-0.11591755310045988	-0.11300846618660368
H	-4	0.23899019645134295	0.07215862378258261	-0.06364585465173474	0.05795483597557719	-0.24243048606793957	0.2652674486360493	0.2015295722454071	-0.3350191530919568	-0.05625096239586477	0.006165380788536828	0.151517676447998	0.04409445660058929	0.17527850305167367	-0.05366352972809966	-0.22056449380550797	0.0012311354023063204	-0.03382099682242526	-0.10474613978881692	-0.12260639997786325	-0.12292357913424985
H	-3	0.2952862474945911	0.08015090379382685	-0.11049207555625964	0.03339890771228532	-0.2527715330154735	0.28179698524916563	0.21577792369592827	-0.45587536260505884	-0.07976025169497876	0.03886128172361628	0.2014299356183971	0.043591688625432216	0.20149159938129557	-0.033223312057918154	-0.34349818850043484	-0.03916262443899408	-0.07181954266075749	-0.06821537579520064	-0.11559738848163305	-0.12580519151816189
H	-2	0.348205266218278	0.09860452250855271	-0.15220752236915483	0.0010408970795136479	-0.2620998669525537	0.2983766398482721	0.23148639563819132	-0.631544593673185	-0.13847622690669414	0.06152894800051241	0.27718528594932923	0.05336928382487795	0.23753550300679244	-0.01921967098648481	-0.5073781396254413	-0.07733827025920809	-0.1265268560951593	-0.013234008704764561	-0.11526632599411683	-0.14364786868584511
H	-1	0.3852679564260075	0.15361764179039591	-0.18391826370577913	-0.03477111040547097	-0.29629421494604286	0.3375506917693621	0.26755322652166663	-0.7789296437549859	-0.1485139023170606	0.06424994811284439	0.2916222355286855	0.11300492399068152	0.2000652858347255	-0.0340420590161178	-0.7375920799285111	-0.10212109329022113	-0.16533761301041722	0.001899965752634812	-0.12111256974330217	-0.16548823803752027
H	0	0.4434285793852209	0.20468094726340993	-0.35132134608630056	-0.27075569707442265	-0.307608643210273	0.37273625057777654	0.317784929169176	-0.9667494092225257	-0.14774412290359373	0.11210245305965466	0.3796302247352939	0.17561880426294124	0.27230933445307065	0.029637869397832757	-1.032131690749243	-0.279112256987032	-0.30651755059232216	0.029277970067581354	-0.06730197730513338	-0.12677322148316084
H	1	0.449047429051306	0.21707512984170038	-0.20363963258043957	-0.2691534531301521	-0.21739695803835557	0.35068669484847603	0.3474147657625883	-0.6914152817257819	-0.07396542132215186	0.08194892231930254	0.37937957546628837	0.18674722499129942	0.3373658238238485	0.016625292766761987	-1.7415129259600635	-0.2279027399326833	-0.31671986972091254	-0.03425142531475721	-0.06779793290322458	-0.1624253585120913
H	2	0.42096921789580505	0.22704552918034349	-0.144961334779123	-0.3384796135291877	-0.18372668802233258	0.21022984480996795	0.32993277713534114	-0.43279537389349004	-0.05319653780465696	0.09597927937026156	0.3906721998895489	0.20212526280263238	0.3560285283573041	0.02306646026457499	-1.5076771652098255	-0.23135650463136373	-0.3126504986004366	-0.06491320083285179	-0.08050803623180049	-0.16068764394315696
H	3	0.39071863674023943	0.23579230281633	-0.10464837723789755	-0.3904572597248939	-0.15882402674872168	0.11303712952219296	0.26721991068478285	-0.34853958046053873	-0.04149568060940324	0.11622159117951922	0.39709750853277037	0.22962697015150188	0.3580141434804661	0.04276407563247976	-1.2027817911641019	-0.21044054656551464	-0.3274037223642753	-0.07072044593885955	-0.0694007337260059	-0.1610888136044157
H	4	0.32725097836844247	0.20674885829353387	-0.041167930949106445	-0.26883137321374045	-0.19146573884326512	0.16379426669195388	0.26049599489938885	-0.2614657790344169	-0.0030951078758574484	0.04006102034479106	0.3212625080729029	0.25264686733864195	0.2957180428689251	-0.011037988762589036	-0.7977017336521609	-0.15077411001135446	-0.28986646527644633	-0.14019261679027156	-0.09845250861558677	-0.21981813206862685
H	5	0.27777777721217783	0.16029030314250228	-0.03407421379965485	-0.23001321591757345	-0.1839154904795975	0.1353818487181753	0.21372136496450397	-0.2040729507261561	-0.009251745210634155	0.04097714760212517	0.288081877700138	0.22482322241905184	0.24340999806561167	0.002400746097919379	-0.5458932428390396	-0.12556899391178214	-0.2521509620570457	-0.1529041708470981	-0.07135497846875674	-0.1884553357472449
H	6	0.2216781036739205	0.10240034469903828	-0.041466674244049276	-0.21587653110397087	-0.1413392279260852	0.09626009145923041	0.16404859196836172	-0.17586572358413216	-0.004587367231451831	0.08313441705924221	0.2860661649281076	0.17123175724983072	0.22366702937023292	0.024331876637277716	-0.41454897889733927	-0.11206516450274112	-0.23000177124123727	-0.1240650264555467	-0.06025561238774165	-0.12406859848901053
H	7	0.16846969469842504	0.09308228641513155	-0.022802060279494697	-0.15581106605726827	-0.13357129462923217	0.12389227120678015	0.17584476500520255	-0.1454139277513324	-0.005169703167615915	0.0521964171171666	0.2117178515033694	0.18524263649057437	0.14906919329993795	-0.013977103852748298	-0.2913668831603085	-0.08076277653759092	-0.1906455955015505	-0.17867479694997399	-0.08377430787634563	-0.10086941959687677
H	8	0.13361261844155647	0.08035922889082604	-0.0076587464014491085	-0.102186695239213	-0.1575069873376745	0.13807930702207807	0.1786934578724607	-0.1350642936375808	0.005850319716725543	0.02830481177150458	0.1511879038028147	0.17979309261394258	0.09539932680158651	-0.036923424156104744	-0.2190769014858122	-0.060125690641435185	-0.15350142785766868	-0.16118877652192456	-0.0965705769554119	-0.08278334772014916
E	-8	-0.12055142107306284	-0.03738103423561929	0.10414126895060838	0.07540515525059537	0.07390141075832445	-0.046899662356269946	-0.045375441051875076	0.18089947691402689	-0.023989863427579826	-0.11720051175983084	-0.1626603311647859	0.03543866331282718	-0.16347272642943983	-0.03399825759850336	0.12344784801813895	0.08421503855572086	0.05754666538951621	0.0392096102746187	0.039870749187159556	-0.022545879457569345
E	-7	-0.15672619640084287	-0.04515268139812557	0.20793570299524375	0.12696188461593014	0.06404010590058427	-0.05896344651556238	-0.04422145978768518	0.30090826787803954	0.031623754598120134	-0.20931604280498395	-0.23073932838292396	0.07237770729191943	-0.20958339605361562	-0.09372932334132322	0.15506831380325417	0.10561552801093094	0.06226027394487612	-0.010876730237112647	-0.009836739839583204	-0.07580577871741595
E	-6	-0.22306369521494934	-0.04517730838628274	0.26407615957535513	0.17979912981593385	0.0488773066889208	-0.06277358226061656	-0.04127119418961769	0.42273313483224667	0.06132979809903985	-0.25275029290082324	-0.3207674632819626	0.11179930026310239	-0.21414166043438473	-0.16430296219385784	0.20207668787313612	0.1169199162567404	0.07721117687456104	-0.12277507915598981	-0.06449883513281522	-0.10223901231385606
E	-5	-0.26114853215981626	-0.004694927283965553	0.2688777723500148	0.17673744125565452	-0.037165793604199346	-0.07729148820037413	-0.060707921236852334	0.4910515479384559	0.07760525498901859	-0.24253616027682492	-0.39602263026142975	0.13497892297187808	-0.24682030422935017	-0.19900713857352909	0.24161104971071798	0.11275765874743085	0.10778787286042071	-0.18456593674634914	-0.07087645312243503	-0.06626206227561474
E	-4	-0.27270411683975165	-0.020658579454331773	0.17647540582227506	0.07899734154035494	-0.023588694655782044	-0.15022339985334532	-0.09602136580471032	0.516269214259696	0.0923666721124052	-0.1339120437218174	-0.36788419610362727	0.10596626701532072	-0.22665361529924932	-0.15567562100050442	0.20945396678169592	0.06997342567874104	0.13089427079342184	-0.16104319342268406	0.023439643272443595	0.08022960653714008
E	-3	-0.29998848906626435	-0.03077254376683488	0.10784887653394314	-0.023473126247366204	0.0021243407668304873	-0.22983977107075604	-0.149598560903493	0.5045424172450977	0.067431344102082	0.04990470474750348	-0.32035442271758896	0.04234993425132752	-0.20318652255493516	-0.07405011121425438	0.0261997943827343	0.0012322209741254917	0.15604187082614715	-0.027080085147223796	0.12857144551584304	0.26827068764565837
E	-2	-0.2966564575370564	-0.07933066636532843	-0.10841437593838378	-0.2684844944758095	0.07687982315455238	-0.3813206612615339	-0.25594446738774046	0.405598779815144	0.0009070082168492124	0.3243967544885824	-0.15917620864028192	-0.09503202598563609	-0.1260374998502289	0.13068815773296816	-0.17110049567379934	-0.14408803961906472	0.1329463548075955	0.15397502343084146	0.2801576984683373	0.5268213478927419
E	-1	-0.3186337100549263	-0.06681337872365228	-0.44035563428738145	-0.6108893699968164	0.2167709380868502	-0.4442180821702385	-0.2913925956458397	-0.042054006843731596	-0.00538367907742548	0.5505265627774049	-0.0035459395979559995	-0.17203373837790092	-0.000732772441479075	0.32113265983947287	-0.44770326792901416	-0.20338629205612072	0.20433971038434087	0.34628981276934473	0.4375864427366339	0.7401887864286536
E	0	-0.3482824953812088	-0.10634739781761199	-0.5544806438935219	-0.7157426320296789	0.35132258013478296	-0.5112014127436477	-0.3656057165890503	-0.4355993567916264	-0.02049752804252629	0.6760130152940518	0.09149901658199308	-0.2999300903330966	-0.027850861942111827	0.4414737111805311	-0.742839073775703	-0.17194590670372428	0.23682389740607834	0.389548965446399	0.5238006713364708	0.843960487552679
E	1	-0.30544438775216454	-0.19953742999309665	-0.2765552068002846	-0.31461483528304973	0.42326340157617054	-0.5102965262880195	-0.4377977264433795	-0.17868396756810037	-0.03136891561118802	0.562930365886788	0.0656322022969369	-0.37144852995244093	-0.05190741001189485	0.32254486862581494	-0.47447788318675066	-0.05607940243199668	0.2335941368327818	0.2521414082883998	0.3980756291529099	0.7275278049708921
E	2	-0.2936704656952047	-0.2117133428684005	-0.029685316517141222	0.036382377056966016	0.2832096358696028	-0.3585499087207018	-0.4244456808030684	0.17218004665525397	0.04649527132313518	0.28051869328493195	-0.14905594312662676	-0.29887333841612096	-0.18999917210406064	0.1506992082908168	0.05146847741922099	0.12174251706217273	0.229958822297105	0.03501360195232771	0.21125941004591592	0.4560269866890484
E	3	-0.29212339227792644	-0.1939765540986963	0.17123211615419745	0.2830702981397795	0.2027899823977493	-0.20015128038629526	-0.3143203983392741	0.3425615644405425	0.07486339293544263	0.009504410117921554	-0.3351398019517989	-0.19704734345076663	-0.2935841656325221	0.013490319551314058	0.1971966350669036	0.20549989128460106	0.23834774583581073	-0.09380741714563694	0.015582283705940662	0.21812093359511447
E	4	-0.2834389314177905	-0.17631350116334626	0.2519871824697047	0.3217053349585885	0.1287666959677893	-0.154204539784904	-0.2406073665586343	0.504052949017441	0.09327085848769018	-0.18421934773613952	-0.4248436071102291	-0.13930443048252827	-0.31751060451864144	-0.08007479362783103	0.2851710555360213	0.22769893271097275	0.2356873243208191	-0.09911435683195503	-0.03045389530762884	0.024454184398681845
E	5	-0.30012869586363694	-0.1480629492721536	0.26496295222310323	0.3307256592085263	0.09738644805124767	-0.08375816142795972	-0.17241001224097274	0.4854371824648852	0.0792855702040949	-0.2577214456314428	-0.4352146530962092	-0.06917020977014773	-0.27994310871510525	-0.13667931642732978	0.3099502286750135	0.23405117989053068	0.23417266003054749	-0.11254086590914848	-0.03408439664237905	-0.05928791017183994
E	6	-0.2696457988420546	-0.10737113038807347	0.21747449830422888	0.26268612505938205	0.04538593493363569	-0.0487637257500477	-0.14297775227267454	0.4256735011490509	0.09287982770577334	-0.24707106959077826	-0.36457577992607765	-0.03756851203642206	-0.260070437873192	-0.1672897170575366	0.3254876015928298	0.19970604955307786	0.20851181288295004	-0.03562888123957779	-0.006771848970280338	-0.0701882115137641
E	7	-0.24169025693241253	-0.07638685859716406	0.15831013923491757	0.19911656330885508	-0.03490794712540889	-0.039248715761486135	-0.12323243689637804	0.35545022670444354	0.10022706129571388	-0.19032780657154913	-0.3073096899496357	-0.03140745479005574	-0.23237754474597916	-0.12331394769850136	0.30483251410139756	0.1672383082352154	0.1868947741356972	0.062393516531966293	0.029736276150852572	-0.037940887314585836
E	8	-0.18824437426017412	-0.059704454054170665	0.1032662024588139	0.15323919548742138	-0.02495139134243188	-0.03923216315008444	-0.10646927202155793	0.29771349254521234	0.0382710128703492	-0.14966610179103979	-0.24738412426777412	-0.055068208876744094	-0.19484170422730707	-0.08644329096358584	0.2470195185377946	0.1346718991764316	0.1645922534189664	0.14695957831981402	0.08418872994435515	0.00622743048675275
-	-8	-0.03844141809849896	-0.01137363478932648	-0.04716928477458671	-0.09533110672780162	0.1036440812778675	-0.11313179178162314	-0.06632118062054099	-0.011139021602336135	-0.015177151229031292	0.07704411932005602	0.01662975470538152	-0.03872483251497409	-0.03730863112082552	0.028067475779689644	-0.08034818000192888	-0.09715515330177373	-0.04413512417885058	0.06623578698355896	0.028760454505967776	0.07769778339241118
-	-7	-0.05011849462214324	-0.012180439071783955	-0.10710800494390897	-0.1324059892495948	0.1104167376243864	-0.135605056804954	-0.08249340131472305	-0.061781599390399795	-0.020774788454127273	0.12225450788444385	0.041727619031198794	-0.055641713138055326	-0.02019924058017943	0.059771064534395894	-0.058477784407331646	-0.10937229298560822	-0.043890686375861854	0.09448678970366597	0.062476883539803255	0.10769880812684252
-	-6	-0.04974154098114212	-0.008772320042765604	-0.12745081792465934	-0.16894103767343513	0.10941592666940696	-0.15189403765511547	-0.10531726338384237	-0.11098703841906252	-0.02415555010474344	0.12828142379313087	0.057587226845936916	-0.07584436227435787	-0.02954247808907529	0.0918270290374406	-0.04683213701288354	-0.102121205595235	-0.047372810790641644	0.14362791775496597	0.10864301512196171	0.12655031792388874
-	-5	-0.06596317143906967	-0.04638477802783342	-0.11745695041402172	-0.16125073803168397	0.16057412727620285	-0.17694197416664761	-0.11957436067286419	-0.12200895714501736	-0.012467949484528834	0.1164225923917362	0.0648961449501546	-0.09991946111797745	-0.025579027287143997	0.1225573213985512	-0.02341899623264201	-0.08047666680874087	-0.04788799950687618	0.17482429139888517	0.12380791892713794	0.11963179490430374
-	-4	-0.09066234506069021	-0.052144575075327756	-0.046568866390703706	-0.0948897124162102	0.186355089034956	-0.18003440459471937	-0.13900096117577834	-0.07558099048310447	-0.0036004958898722423	0.06026277589687734	0.035275377596500554	-0.0980805473459826	-0.047298950462534656	0.11624323701559246	0.05258093377635578	-0.03895172542686872	-0.04417125495361023	0.15535195361205414	0.08355659467576293	0.05451520072611589
-	-3	-0.1394167543171956	-0.0540819239142853	0.03026730546001154	-0.01621747774390679	0.18105011144509398	-0.15789653881413848	-0.12596617097511917	0.011931269810553475	0.028631355790826908	-0.06070517624293641	-0.03136047641791622	-0.06070932059108201	-0.08449911222217753	0.06370619776448386	0.2236950911648412	0.0313418964938597	-0.02760132319830779	0.0681103149896251	0.02262586789875846	-0.053986258250373405
-	-2	-0.20332874559504455	-0.045847021620284166	0.16548415483732423	0.12164378084835596	0.15114739761679258	-0.1063898167401274	-0.09054329596505364	0.17286159489346298	0.10601483045419648	-0.26531338552952644	-0.188943194346679	0.00248015048445087	-0.1618445656675397	-0.05646999503845344	0.3856275890783556	0.12862854261903028	0.028432578763174433	-0.07568952195766081	-0.07028325023871813	-0.23550206666209672
-	-1	-0.2391459403097827	-0.10532508780945411	0.3072689423368096	0.26303010295969154	0.09865466613395239	-0.12395104048928891	-0.11262540710595854	0.4479190708080063	0.11608876229551263	-0.47486619160359167	-0.2971841656222302	-0.013828361506917663	-0.1913254800593372	-0.1689918994700711	0.5598122478640266	0.1709120855642782	0.016111972909092578	-0.22198429040624232	-0.18026351355310247	-0.43249287362419975
-	0	-0.3025869856933237	-0.1368156562152956	0.4300689741581094	0.4299552355540689	0.02409268985258875	-0.13770917753527245	-0.13513069672254763	0.6271921978265047	0.12274647308206536	-0.6882611982225483	-0.4860404963351151	-0.015081595925964237	-0.2581644501104622	-0.3293527193098267	0.7114994947835219	0.26997988720480626	0.09369679913664823	-0.2842849199370266	-0.30436386160502715	-0.608879638454681
-	1	-0.33277475566832165	-0.1023486830847658	0.264408328332163	0.31569619319259856	-0.09050914379270171	-0.11221876033445458	-0.13811255078869583	0.46399343771164375	0.07455584988153281	-0.5101733883359325	-0.4658442682280093	0.0039986172483890215	-0.32554046705749384	-0.21823720598198282	0.7930232144006971	0.19175807599901826	0.10197712791207322	-0.12027348550112814	-0.19650231061767778	-0.4208043556260144
-	2	-0.2994448410482045	-0.10688939395523481	0.12513811304426758	0.2161880961614121	-0.01900948819901127	-0.023965144630544288	-0.12351469605116888	0.2025595018714335	0.018927437720806958	-0.26797912685781106	-0.3382940357966368	-0.04131838919289135	-0.268526973715183	-0.10612693658732525	0.6074154146270155	0.10841985166393991	0.10150100968269496	0.03421455827166914	-0.05416233365474084	-0.1612152838081742
-	3	-0.2595418349945231	-0.12491112480183766	-0.010412042689199666	0.11811939324965649	0.012210377406229744	-0.0008994680327951054	-0.10182050382384902	0.05627835892292988	-0.005867821928829636	-0.11036030466840314	-0.2463835419297344	-0.11679871053666784	-0.21696693056610727	-0.04405346087340845	0.48214844186118816	0.047834938278045136	0.10591373562504801	0.1014696223034873	0.047724802442077045	0.004697550993245661
-	4	-0.18443391560932712	-0.10302243417448201	-0.1140546443432866	0.017129724173644258	0.07764488883663416	-0.07054350721452345	-0.12887055251601645	-0.11942499848066353	-0.048478682261583604	0.05515454434211199	-0.1134771071595332	-0.17158004529163298	-0.13179741060232364	0.04899082337988481	0.31194989873088197	-0.008899649270456993	0.0836982323366966	0.1533076889629746	0.0923310269919565	0.1496951778015055
-	5	-0.11980363889332053	-0.07012838721752923	-0.12915464869017998	-0.01608100604954526	0.08911916572134639	-0.07840937130309103	-0.11223871605234041	-0.14926450394390853	-0.035225529639755844	0.08573500970451169	-0.07261864452101136	-0.17899497992483396	-0.09199752906911896	0.06454702657530051	0.18723717594815387	-0.0322834015504692	0.05969733262738861	0.16772775079282073	0.07389831861575194	0.1679542679167924
-	6	-0.07407041295358091	-0.0352479886610664	-0.0910491097533298	0.017368003121065966	0.08598926614775651	-0.05948994236391972	-0.07635341219278337	-0.1250018859965379	-0.04696661471240486	0.046099332869062606	-0.10008613169671529	-0.13929346546369342	-0.08050508920377566	0.060572772330738364	0.1069536441073726	-0.021670470230656214	0.05962455364209669	0.11326367417092512	0.05195666031823394	0.129243721218757
-	7	-0.03383938079276834	-0.04225591109109051	-0.0700237775187651	0.012152830562424973	0.11963579091250942	-0.09084997064126853	-0.0981271844761836	-0.09774899244298821	-0.0507031947710983	0.047738243791911994	-0.04719336069601284	-0.1574731408461174	-0.01957802488689748	0.07148983423098708	0.04304799188264925	-0.027025722301122827	0.04464406339817948	0.1035486680863614	0.05149778567202697	0.0976689880430358
-	8	-0.025301310475707228	-0.039165769102042974	-0.05031766170294585	-0.0017901245113656687	0.13156934183667437	-0.10476977474052213	-0.1097018901604984	-0.06608886628344748	-0.02535715538405225	0.04938515298169138	-0.014860444172583089	-0.13846793496589946	0.012495012221373874	0.07242172030770491	0.029229231938012842	-0.024565182151611048	0.030570678052712224	0.046164527463399094	0.032566131667013574	0.06268060939107954
